"filename", "language", "YAML", "JSON", "Markdown", "TypeScript JSX", "TypeScript", "XML", "Prisma", "PostCSS", "comment", "blank", "total"
"d:\Информатика\online-shop\README.md", "Markdown", 0, 0, 434, 0, 0, 0, 0, 0, 0, 80, 514
"d:\Информатика\online-shop\back-end\package.json", "JSON", 0, 104, 0, 0, 0, 0, 0, 0, 0, 1, 105
"d:\Информатика\online-shop\back-end\pnpm-lock.yaml", "YAML", 10478, 0, 0, 0, 0, 0, 0, 0, 0, 2870, 13348
"d:\Информатика\online-shop\back-end\prisma\models\account.prisma", "Prisma", 0, 0, 0, 0, 0, 0, 13, 0, 0, 6, 19
"d:\Информатика\online-shop\back-end\prisma\models\banner.prisma", "Prisma", 0, 0, 0, 0, 0, 0, 14, 0, 0, 2, 16
"d:\Информатика\online-shop\back-end\prisma\models\category.prisma", "Prisma", 0, 0, 0, 0, 0, 0, 10, 0, 0, 4, 14
"d:\Информатика\online-shop\back-end\prisma\models\dailyStats.prisma", "Prisma", 0, 0, 0, 0, 0, 0, 14, 0, 0, 6, 20
"d:\Информатика\online-shop\back-end\prisma\models\order.prisma", "Prisma", 0, 0, 0, 0, 0, 0, 37, 0, 0, 11, 48
"d:\Информатика\online-shop\back-end\prisma\models\orderItem.prisma", "Prisma", 0, 0, 0, 0, 0, 0, 14, 0, 0, 5, 19
"d:\Информатика\online-shop\back-end\prisma\models\product.prisma", "Prisma", 0, 0, 0, 0, 0, 0, 30, 0, 0, 12, 42
"d:\Информатика\online-shop\back-end\prisma\models\productDailyStats.prisma", "Prisma", 0, 0, 0, 0, 0, 0, 18, 0, 0, 7, 25
"d:\Информатика\online-shop\back-end\prisma\models\productImage.prisma", "Prisma", 0, 0, 0, 0, 0, 0, 9, 0, 0, 4, 13
"d:\Информатика\online-shop\back-end\prisma\models\promoCode.prisma", "Prisma", 0, 0, 0, 0, 0, 0, 15, 0, 0, 6, 21
"d:\Информатика\online-shop\back-end\prisma\models\review.prisma", "Prisma", 0, 0, 0, 0, 0, 0, 14, 0, 0, 5, 19
"d:\Информатика\online-shop\back-end\prisma\models\token.prisma", "Prisma", 0, 0, 0, 0, 0, 0, 16, 0, 0, 6, 22
"d:\Информатика\online-shop\back-end\prisma\models\user.prisma", "Prisma", 0, 0, 0, 0, 0, 0, 26, 0, 0, 11, 37
"d:\Информатика\online-shop\back-end\prisma\schema.prisma", "Prisma", 0, 0, 0, 0, 0, 0, 9, 0, 0, 2, 11
"d:\Информатика\online-shop\back-end\src\analytics\analytics.controller.ts", "TypeScript", 0, 0, 0, 0, 47, 0, 0, 0, 0, 8, 55
"d:\Информатика\online-shop\back-end\src\analytics\analytics.module.ts", "TypeScript", 0, 0, 0, 0, 13, 0, 0, 0, 0, 3, 16
"d:\Информатика\online-shop\back-end\src\analytics\analytics.service.ts", "TypeScript", 0, 0, 0, 0, 335, 0, 0, 0, 10, 43, 388
"d:\Информатика\online-shop\back-end\src\analytics\dto\stats-query.dto.ts", "TypeScript", 0, 0, 0, 0, 9, 0, 0, 0, 0, 3, 12
"d:\Информатика\online-shop\back-end\src\app.controller.spec.ts", "TypeScript", 0, 0, 0, 0, 18, 0, 0, 0, 0, 5, 23
"d:\Информатика\online-shop\back-end\src\app.controller.ts", "TypeScript", 0, 0, 0, 0, 10, 0, 0, 0, 0, 3, 13
"d:\Информатика\online-shop\back-end\src\app.module.ts", "TypeScript", 0, 0, 0, 0, 64, 0, 0, 0, 0, 3, 67
"d:\Информатика\online-shop\back-end\src\app.service.ts", "TypeScript", 0, 0, 0, 0, 7, 0, 0, 0, 0, 2, 9
"d:\Информатика\online-shop\back-end\src\auth\auth.controller.ts", "TypeScript", 0, 0, 0, 0, 72, 0, 0, 0, 2, 11, 85
"d:\Информатика\online-shop\back-end\src\auth\auth.module.ts", "TypeScript", 0, 0, 0, 0, 34, 0, 0, 0, 0, 5, 39
"d:\Информатика\online-shop\back-end\src\auth\auth.service.ts", "TypeScript", 0, 0, 0, 0, 157, 0, 0, 0, 0, 30, 187
"d:\Информатика\online-shop\back-end\src\auth\decorators\auth.decorator.ts", "TypeScript", 0, 0, 0, 0, 11, 0, 0, 0, 0, 5, 16
"d:\Информатика\online-shop\back-end\src\auth\decorators\authorized.decorator.ts", "TypeScript", 0, 0, 0, 0, 9, 0, 0, 0, 0, 3, 12
"d:\Информатика\online-shop\back-end\src\auth\decorators\roles.decorator.ts", "TypeScript", 0, 0, 0, 0, 4, 0, 0, 0, 0, 3, 7
"d:\Информатика\online-shop\back-end\src\auth\dto\login.dto.ts", "TypeScript", 0, 0, 0, 0, 20, 0, 0, 0, 0, 4, 24
"d:\Информатика\online-shop\back-end\src\auth\dto\register.dto.ts", "TypeScript", 0, 0, 0, 0, 32, 0, 0, 0, 0, 5, 37
"d:\Информатика\online-shop\back-end\src\auth\email-confirmation\dto\confirmation.dto.ts", "TypeScript", 0, 0, 0, 0, 6, 0, 0, 0, 0, 2, 8
"d:\Информатика\online-shop\back-end\src\auth\email-confirmation\email-confirmation.controller.ts", "TypeScript", 0, 0, 0, 0, 25, 0, 0, 0, 0, 4, 29
"d:\Информатика\online-shop\back-end\src\auth\email-confirmation\email-confirmation.module.ts", "TypeScript", 0, 0, 0, 0, 15, 0, 0, 0, 0, 5, 20
"d:\Информатика\online-shop\back-end\src\auth\email-confirmation\email-confirmation.service.ts", "TypeScript", 0, 0, 0, 0, 100, 0, 0, 0, 0, 22, 122
"d:\Информатика\online-shop\back-end\src\auth\guards\auth.guard.ts", "TypeScript", 0, 0, 0, 0, 22, 0, 0, 0, 0, 8, 30
"d:\Информатика\online-shop\back-end\src\auth\guards\provider.guard.ts", "TypeScript", 0, 0, 0, 0, 23, 0, 0, 0, 0, 8, 31
"d:\Информатика\online-shop\back-end\src\auth\guards\roles.guard.ts", "TypeScript", 0, 0, 0, 0, 27, 0, 0, 0, 0, 8, 35
"d:\Информатика\online-shop\back-end\src\auth\password-recovery\dto\new-password.dto.ts", "TypeScript", 0, 0, 0, 0, 7, 0, 0, 0, 0, 2, 9
"d:\Информатика\online-shop\back-end\src\auth\password-recovery\dto\reset-password.dto.ts", "TypeScript", 0, 0, 0, 0, 6, 0, 0, 0, 0, 2, 8
"d:\Информатика\online-shop\back-end\src\auth\password-recovery\password-recovery.controller.ts", "TypeScript", 0, 0, 0, 0, 33, 0, 0, 0, 0, 5, 38
"d:\Информатика\online-shop\back-end\src\auth\password-recovery\password-recovery.module.ts", "TypeScript", 0, 0, 0, 0, 11, 0, 0, 0, 0, 3, 14
"d:\Информатика\online-shop\back-end\src\auth\password-recovery\password-recovery.service.ts", "TypeScript", 0, 0, 0, 0, 104, 0, 0, 0, 0, 24, 128
"d:\Информатика\online-shop\back-end\src\auth\provider\provider.constans.ts", "TypeScript", 0, 0, 0, 0, 9, 0, 0, 0, 0, 5, 14
"d:\Информатика\online-shop\back-end\src\auth\provider\provider.module.ts", "TypeScript", 0, 0, 0, 0, 38, 0, 0, 0, 0, 4, 42
"d:\Информатика\online-shop\back-end\src\auth\provider\provider.service.ts", "TypeScript", 0, 0, 0, 0, 17, 0, 0, 0, 0, 5, 22
"d:\Информатика\online-shop\back-end\src\auth\provider\services\base-oauth.service.ts", "TypeScript", 0, 0, 0, 0, 96, 0, 0, 0, 0, 23, 119
"d:\Информатика\online-shop\back-end\src\auth\provider\services\google.provider.ts", "TypeScript", 0, 0, 0, 0, 43, 0, 0, 0, 0, 4, 47
"d:\Информатика\online-shop\back-end\src\auth\provider\services\types\base-provider.options.types.ts", "TypeScript", 0, 0, 0, 0, 9, 0, 0, 0, 0, 1, 10
"d:\Информатика\online-shop\back-end\src\auth\provider\services\types\provider-options.types.ts", "TypeScript", 0, 0, 0, 0, 5, 0, 0, 0, 0, 1, 6
"d:\Информатика\online-shop\back-end\src\auth\provider\services\types\user-info.types.ts", "TypeScript", 0, 0, 0, 0, 10, 0, 0, 0, 0, 1, 11
"d:\Информатика\online-shop\back-end\src\auth\two-factor-auth\two-factor-auth.module.ts", "TypeScript", 0, 0, 0, 0, 8, 0, 0, 0, 0, 4, 12
"d:\Информатика\online-shop\back-end\src\auth\two-factor-auth\two-factor-auth.service.ts", "TypeScript", 0, 0, 0, 0, 83, 0, 0, 0, 0, 19, 102
"d:\Информатика\online-shop\back-end\src\banner\banner.controller.ts", "TypeScript", 0, 0, 0, 0, 52, 0, 0, 0, 0, 10, 62
"d:\Информатика\online-shop\back-end\src\banner\banner.module.ts", "TypeScript", 0, 0, 0, 0, 11, 0, 0, 0, 0, 4, 15
"d:\Информатика\online-shop\back-end\src\banner\banner.service.ts", "TypeScript", 0, 0, 0, 0, 66, 0, 0, 0, 0, 17, 83
"d:\Информатика\online-shop\back-end\src\banner\dto\banner.dto.ts", "TypeScript", 0, 0, 0, 0, 37, 0, 0, 0, 0, 9, 46
"d:\Информатика\online-shop\back-end\src\cart\cart.controller.ts", "TypeScript", 0, 0, 0, 0, 62, 0, 0, 0, 0, 11, 73
"d:\Информатика\online-shop\back-end\src\cart\cart.module.ts", "TypeScript", 0, 0, 0, 0, 13, 0, 0, 0, 0, 4, 17
"d:\Информатика\online-shop\back-end\src\cart\cart.service.ts", "TypeScript", 0, 0, 0, 0, 130, 0, 0, 0, 0, 32, 162
"d:\Информатика\online-shop\back-end\src\cart\dto\add-to-cart.dto.ts", "TypeScript", 0, 0, 0, 0, 8, 0, 0, 0, 0, 3, 11
"d:\Информатика\online-shop\back-end\src\cart\dto\merge-cart.dto.ts", "TypeScript", 0, 0, 0, 0, 11, 0, 0, 0, 0, 2, 13
"d:\Информатика\online-shop\back-end\src\cart\dto\update-cart-item.dto.ts", "TypeScript", 0, 0, 0, 0, 6, 0, 0, 0, 0, 2, 8
"d:\Информатика\online-shop\back-end\src\category\category.controller.ts", "TypeScript", 0, 0, 0, 0, 36, 0, 0, 0, 0, 8, 44
"d:\Информатика\online-shop\back-end\src\category\category.module.ts", "TypeScript", 0, 0, 0, 0, 10, 0, 0, 0, 0, 4, 14
"d:\Информатика\online-shop\back-end\src\category\category.service.ts", "TypeScript", 0, 0, 0, 0, 72, 0, 0, 0, 0, 19, 91
"d:\Информатика\online-shop\back-end\src\category\dto\create-category.dto.ts", "TypeScript", 0, 0, 0, 0, 12, 0, 0, 0, 0, 4, 16
"d:\Информатика\online-shop\back-end\src\category\dto\update-category.dto.ts", "TypeScript", 0, 0, 0, 0, 12, 0, 0, 0, 0, 4, 16
"d:\Информатика\online-shop\back-end\src\cloudinary\cloudinary.controller.ts", "TypeScript", 0, 0, 0, 0, 6, 0, 0, 0, 0, 3, 9
"d:\Информатика\online-shop\back-end\src\cloudinary\cloudinary.module.ts", "TypeScript", 0, 0, 0, 0, 7, 0, 0, 0, 0, 3, 10
"d:\Информатика\online-shop\back-end\src\cloudinary\cloudinary.service.ts", "TypeScript", 0, 0, 0, 0, 60, 0, 0, 0, 0, 15, 75
"d:\Информатика\online-shop\back-end\src\config\mailer.config.ts", "TypeScript", 0, 0, 0, 0, 19, 0, 0, 0, 0, 3, 22
"d:\Информатика\online-shop\back-end\src\config\providers.config.ts", "TypeScript", 0, 0, 0, 0, 15, 0, 0, 0, 0, 3, 18
"d:\Информатика\online-shop\back-end\src\config\recaptcha.config.ts", "TypeScript", 0, 0, 0, 0, 10, 0, 0, 0, 0, 2, 12
"d:\Информатика\online-shop\back-end\src\currency\currency.controller.ts", "TypeScript", 0, 0, 0, 0, 25, 0, 0, 0, 0, 5, 30
"d:\Информатика\online-shop\back-end\src\currency\currency.module.ts", "TypeScript", 0, 0, 0, 0, 10, 0, 0, 0, 0, 3, 13
"d:\Информатика\online-shop\back-end\src\currency\currency.service.ts", "TypeScript", 0, 0, 0, 0, 40, 0, 0, 0, 0, 14, 54
"d:\Информатика\online-shop\back-end\src\express-session.d.ts", "TypeScript", 0, 0, 0, 0, 6, 0, 0, 0, 0, 2, 8
"d:\Информатика\online-shop\back-end\src\libs\common\decorators\is-passwords-matching-constraint.decorator.decorator.ts", "TypeScript", 0, 0, 0, 0, 18, 0, 0, 0, 0, 4, 22
"d:\Информатика\online-shop\back-end\src\libs\common\utils\is-dev.util.ts", "TypeScript", 0, 0, 0, 0, 6, 0, 0, 0, 0, 3, 9
"d:\Информатика\online-shop\back-end\src\libs\common\utils\ms.util.ts", "TypeScript", 0, 0, 0, 0, 104, 0, 0, 0, 0, 8, 112
"d:\Информатика\online-shop\back-end\src\libs\common\utils\parse-boolean.util.ts", "TypeScript", 0, 0, 0, 0, 17, 0, 0, 0, 0, 3, 20
"d:\Информатика\online-shop\back-end\src\libs\mail\mail.module.ts", "TypeScript", 0, 0, 0, 0, 14, 0, 0, 0, 0, 3, 17
"d:\Информатика\online-shop\back-end\src\libs\mail\mail.service.ts", "TypeScript", 0, 0, 0, 0, 35, 0, 0, 0, 0, 10, 45
"d:\Информатика\online-shop\back-end\src\libs\mail\templates\confirmation.template.tsx", "TypeScript JSX", 0, 0, 0, 23, 0, 0, 0, 0, 0, 3, 26
"d:\Информатика\online-shop\back-end\src\libs\mail\templates\reset-password.template.tsx", "TypeScript JSX", 0, 0, 0, 32, 0, 0, 0, 0, 0, 3, 35
"d:\Информатика\online-shop\back-end\src\libs\mail\templates\two-factor-auth.template.tsx", "TypeScript JSX", 0, 0, 0, 29, 0, 0, 0, 0, 0, 2, 31
"d:\Информатика\online-shop\back-end\src\main.ts", "TypeScript", 0, 0, 0, 0, 49, 0, 0, 0, 0, 9, 58
"d:\Информатика\online-shop\back-end\src\meilisearch\meilisearch.controller.ts", "TypeScript", 0, 0, 0, 0, 6, 0, 0, 0, 0, 2, 8
"d:\Информатика\online-shop\back-end\src\meilisearch\meilisearch.module.ts", "TypeScript", 0, 0, 0, 0, 9, 0, 0, 0, 0, 3, 12
"d:\Информатика\online-shop\back-end\src\meilisearch\meilisearch.service.ts", "TypeScript", 0, 0, 0, 0, 106, 0, 0, 0, 0, 21, 127
"d:\Информатика\online-shop\back-end\src\order\dto\create-order.dto.ts", "TypeScript", 0, 0, 0, 0, 42, 0, 0, 0, 0, 10, 52
"d:\Информатика\online-shop\back-end\src\order\dto\order-query.dto.ts", "TypeScript", 0, 0, 0, 0, 13, 0, 0, 0, 0, 4, 17
"d:\Информатика\online-shop\back-end\src\order\dto\update-order-status.dto.ts", "TypeScript", 0, 0, 0, 0, 6, 0, 0, 0, 0, 2, 8
"d:\Информатика\online-shop\back-end\src\order\order.controller.ts", "TypeScript", 0, 0, 0, 0, 65, 0, 0, 0, 0, 11, 76
"d:\Информатика\online-shop\back-end\src\order\order.module.ts", "TypeScript", 0, 0, 0, 0, 20, 0, 0, 0, 0, 4, 24
"d:\Информатика\online-shop\back-end\src\order\order.service.ts", "TypeScript", 0, 0, 0, 0, 351, 0, 0, 0, 0, 42, 393
"d:\Информатика\online-shop\back-end\src\prisma\prisma.controller.ts", "TypeScript", 0, 0, 0, 0, 6, 0, 0, 0, 0, 2, 8
"d:\Информатика\online-shop\back-end\src\prisma\prisma.module.ts", "TypeScript", 0, 0, 0, 0, 9, 0, 0, 0, 0, 2, 11
"d:\Информатика\online-shop\back-end\src\prisma\prisma.service.ts", "TypeScript", 0, 0, 0, 0, 14, 0, 0, 0, 0, 4, 18
"d:\Информатика\online-shop\back-end\src\product\dto\create-product.dto.ts", "TypeScript", 0, 0, 0, 0, 91, 0, 0, 0, 0, 24, 115
"d:\Информатика\online-shop\back-end\src\product\dto\product-query.dto.ts", "TypeScript", 0, 0, 0, 0, 47, 0, 0, 0, 0, 10, 57
"d:\Информатика\online-shop\back-end\src\product\dto\update-product.dto.ts", "TypeScript", 0, 0, 0, 0, 3, 0, 0, 0, 0, 3, 6
"d:\Информатика\online-shop\back-end\src\product\product.controller.ts", "TypeScript", 0, 0, 0, 0, 78, 0, 0, 0, 2, 13, 93
"d:\Информатика\online-shop\back-end\src\product\product.module.ts", "TypeScript", 0, 0, 0, 0, 16, 0, 0, 0, 0, 4, 20
"d:\Информатика\online-shop\back-end\src\product\product.service.ts", "TypeScript", 0, 0, 0, 0, 602, 0, 0, 0, 0, 101, 703
"d:\Информатика\online-shop\back-end\src\promo-code\dto\create-promo-code.dto.ts", "TypeScript", 0, 0, 0, 0, 35, 0, 0, 0, 0, 8, 43
"d:\Информатика\online-shop\back-end\src\promo-code\dto\update-promo-code-status.dto.ts", "TypeScript", 0, 0, 0, 0, 5, 0, 0, 0, 0, 2, 7
"d:\Информатика\online-shop\back-end\src\promo-code\dto\validate-promo-code.dto.ts", "TypeScript", 0, 0, 0, 0, 6, 0, 0, 0, 0, 2, 8
"d:\Информатика\online-shop\back-end\src\promo-code\promo-code.controller.ts", "TypeScript", 0, 0, 0, 0, 46, 0, 0, 0, 0, 8, 54
"d:\Информатика\online-shop\back-end\src\promo-code\promo-code.module.ts", "TypeScript", 0, 0, 0, 0, 13, 0, 0, 0, 0, 4, 17
"d:\Информатика\online-shop\back-end\src\promo-code\promo-code.service.ts", "TypeScript", 0, 0, 0, 0, 190, 0, 0, 0, 0, 45, 235
"d:\Информатика\online-shop\back-end\src\redis\redis.controller.ts", "TypeScript", 0, 0, 0, 0, 6, 0, 0, 0, 0, 2, 8
"d:\Информатика\online-shop\back-end\src\redis\redis.module.ts", "TypeScript", 0, 0, 0, 0, 8, 0, 0, 0, 0, 3, 11
"d:\Информатика\online-shop\back-end\src\redis\redis.service.ts", "TypeScript", 0, 0, 0, 0, 101, 0, 0, 0, 0, 27, 128
"d:\Информатика\online-shop\back-end\src\review\dto\create-review.dto.ts", "TypeScript", 0, 0, 0, 0, 13, 0, 0, 0, 0, 4, 17
"d:\Информатика\online-shop\back-end\src\review\dto\review-query.dto.ts", "TypeScript", 0, 0, 0, 0, 25, 0, 0, 0, 0, 5, 30
"d:\Информатика\online-shop\back-end\src\review\dto\update-review.dto.ts", "TypeScript", 0, 0, 0, 0, 12, 0, 0, 0, 0, 3, 15
"d:\Информатика\online-shop\back-end\src\review\review.controller.ts", "TypeScript", 0, 0, 0, 0, 62, 0, 0, 0, 0, 10, 72
"d:\Информатика\online-shop\back-end\src\review\review.module.ts", "TypeScript", 0, 0, 0, 0, 12, 0, 0, 0, 0, 4, 16
"d:\Информатика\online-shop\back-end\src\review\review.service.ts", "TypeScript", 0, 0, 0, 0, 222, 0, 0, 0, 0, 41, 263
"d:\Информатика\online-shop\back-end\src\search\dto\search-query.dto.ts", "TypeScript", 0, 0, 0, 0, 30, 0, 0, 0, 0, 8, 38
"d:\Информатика\online-shop\back-end\src\search\search.controller.ts", "TypeScript", 0, 0, 0, 0, 22, 0, 0, 0, 0, 5, 27
"d:\Информатика\online-shop\back-end\src\search\search.module.ts", "TypeScript", 0, 0, 0, 0, 12, 0, 0, 0, 0, 4, 16
"d:\Информатика\online-shop\back-end\src\search\search.service.ts", "TypeScript", 0, 0, 0, 0, 153, 0, 0, 0, 0, 32, 185
"d:\Информатика\online-shop\back-end\src\stripe\stripe.controller.ts", "TypeScript", 0, 0, 0, 0, 36, 0, 0, 0, 0, 6, 42
"d:\Информатика\online-shop\back-end\src\stripe\stripe.module.ts", "TypeScript", 0, 0, 0, 0, 14, 0, 0, 0, 0, 4, 18
"d:\Информатика\online-shop\back-end\src\stripe\stripe.service.ts", "TypeScript", 0, 0, 0, 0, 94, 0, 0, 0, 0, 18, 112
"d:\Информатика\online-shop\back-end\src\translation\dto\translate.dto.ts", "TypeScript", 0, 0, 0, 0, 8, 0, 0, 0, 0, 3, 11
"d:\Информатика\online-shop\back-end\src\translation\translation.controller.ts", "TypeScript", 0, 0, 0, 0, 20, 0, 0, 0, 0, 5, 25
"d:\Информатика\online-shop\back-end\src\translation\translation.module.ts", "TypeScript", 0, 0, 0, 0, 11, 0, 0, 0, 0, 4, 15
"d:\Информатика\online-shop\back-end\src\translation\translation.service.ts", "TypeScript", 0, 0, 0, 0, 31, 0, 0, 0, 0, 8, 39
"d:\Информатика\online-shop\back-end\src\user\decorators\user.decorator.ts", "TypeScript", 0, 0, 0, 0, 8, 0, 0, 0, 0, 3, 11
"d:\Информатика\online-shop\back-end\src\user\dto\update-user.dto.ts", "TypeScript", 0, 0, 0, 0, 12, 0, 0, 0, 0, 4, 16
"d:\Информатика\online-shop\back-end\src\user\objects\return-user.object.ts", "TypeScript", 0, 0, 0, 0, 7, 0, 0, 0, 0, 1, 8
"d:\Информатика\online-shop\back-end\src\user\user.controller.ts", "TypeScript", 0, 0, 0, 0, 39, 0, 0, 0, 0, 8, 47
"d:\Информатика\online-shop\back-end\src\user\user.module.ts", "TypeScript", 0, 0, 0, 0, 12, 0, 0, 0, 0, 5, 17
"d:\Информатика\online-shop\back-end\src\user\user.service.ts", "TypeScript", 0, 0, 0, 0, 92, 0, 0, 0, 0, 14, 106
"d:\Информатика\online-shop\codex\rules\AGENT.rules.md", "Markdown", 0, 0, 228, 0, 0, 0, 0, 0, 0, 118, 346
"d:\Информатика\online-shop\front-end\.prettierrc", "JSON", 0, 25, 0, 0, 0, 0, 0, 0, 0, 1, 26
"d:\Информатика\online-shop\front-end\README.md", "Markdown", 0, 0, 222, 0, 0, 0, 0, 0, 0, 55, 277
"d:\Информатика\online-shop\front-end\messages\en.json", "JSON", 0, 660, 0, 0, 0, 0, 0, 0, 0, 1, 661
"d:\Информатика\online-shop\front-end\messages\ru.json", "JSON", 0, 660, 0, 0, 0, 0, 0, 0, 0, 1, 661
"d:\Информатика\online-shop\front-end\messages\uk.json", "JSON", 0, 660, 0, 0, 0, 0, 0, 0, 0, 1, 661
"d:\Информатика\online-shop\front-end\pnpm-workspace.yaml", "YAML", 2, 0, 0, 0, 0, 0, 0, 0, 0, 1, 3
"d:\Информатика\online-shop\front-end\public\Frame 1.svg", "XML", 0, 0, 0, 0, 0, 15, 0, 0, 0, 1, 16
"d:\Информатика\online-shop\front-end\src\app\[locale]\(admin)\dashboard\admin\analytics\page.tsx", "TypeScript JSX", 0, 0, 0, 149, 0, 0, 0, 0, 0, 16, 165
"d:\Информатика\online-shop\front-end\src\app\[locale]\(admin)\dashboard\admin\banners\page.tsx", "TypeScript JSX", 0, 0, 0, 4, 0, 0, 0, 0, 0, 2, 6
"d:\Информатика\online-shop\front-end\src\app\[locale]\(admin)\dashboard\admin\categories\page.tsx", "TypeScript JSX", 0, 0, 0, 4, 0, 0, 0, 0, 0, 2, 6
"d:\Информатика\online-shop\front-end\src\app\[locale]\(admin)\dashboard\admin\layout.tsx", "TypeScript JSX", 0, 0, 0, 13, 0, 0, 0, 0, 0, 2, 15
"d:\Информатика\online-shop\front-end\src\app\[locale]\(admin)\dashboard\admin\orders\page.tsx", "TypeScript JSX", 0, 0, 0, 5, 0, 0, 0, 0, 0, 3, 8
"d:\Информатика\online-shop\front-end\src\app\[locale]\(admin)\dashboard\admin\page.tsx", "TypeScript JSX", 0, 0, 0, 68, 0, 0, 0, 0, 0, 8, 76
"d:\Информатика\online-shop\front-end\src\app\[locale]\(admin)\dashboard\admin\products\edit\[id]\page.tsx", "TypeScript JSX", 0, 0, 0, 48, 0, 0, 0, 0, 0, 8, 56
"d:\Информатика\online-shop\front-end\src\app\[locale]\(admin)\dashboard\admin\products\new\page.tsx", "TypeScript JSX", 0, 0, 0, 10, 0, 0, 0, 0, 0, 2, 12
"d:\Информатика\online-shop\front-end\src\app\[locale]\(admin)\dashboard\admin\products\page.tsx", "TypeScript JSX", 0, 0, 0, 8, 0, 0, 0, 0, 0, 2, 10
"d:\Информатика\online-shop\front-end\src\app\[locale]\(admin)\dashboard\admin\promo-codes\page.tsx", "TypeScript JSX", 0, 0, 0, 4, 0, 0, 0, 0, 0, 2, 6
"d:\Информатика\online-shop\front-end\src\app\[locale]\(user)\cart\page.tsx", "TypeScript JSX", 0, 0, 0, 107, 0, 0, 0, 0, 0, 16, 123
"d:\Информатика\online-shop\front-end\src\app\[locale]\(user)\checkout\page.tsx", "TypeScript JSX", 0, 0, 0, 39, 0, 0, 0, 0, 0, 8, 47
"d:\Информатика\online-shop\front-end\src\app\[locale]\(user)\checkout\success\page.tsx", "TypeScript JSX", 0, 0, 0, 57, 0, 0, 0, 0, 0, 8, 65
"d:\Информатика\online-shop\front-end\src\app\[locale]\(user)\dashboard\settings\page.tsx", "TypeScript JSX", 0, 0, 0, 14, 0, 0, 0, 0, 0, 3, 17
"d:\Информатика\online-shop\front-end\src\app\[locale]\(user)\layout.tsx", "TypeScript JSX", 0, 0, 0, 18, 0, 0, 0, 0, 0, 2, 20
"d:\Информатика\online-shop\front-end\src\app\[locale]\(user)\orders\[id]\page.tsx", "TypeScript JSX", 0, 0, 0, 48, 0, 0, 0, 0, 0, 8, 56
"d:\Информатика\online-shop\front-end\src\app\[locale]\(user)\orders\page.tsx", "TypeScript JSX", 0, 0, 0, 18, 0, 0, 0, 0, 0, 5, 23
"d:\Информатика\online-shop\front-end\src\app\[locale]\(user)\page.tsx", "TypeScript JSX", 0, 0, 0, 103, 0, 0, 0, 0, 0, 16, 119
"d:\Информатика\online-shop\front-end\src\app\[locale]\(user)\products\[slug]\page.tsx", "TypeScript JSX", 0, 0, 0, 131, 0, 0, 0, 0, 0, 20, 151
"d:\Информатика\online-shop\front-end\src\app\[locale]\(user)\search\page.tsx", "TypeScript JSX", 0, 0, 0, 129, 0, 0, 0, 0, 0, 11, 140
"d:\Информатика\online-shop\front-end\src\app\[locale]\auth\layout.tsx", "TypeScript JSX", 0, 0, 0, 11, 0, 0, 0, 0, 0, 1, 12
"d:\Информатика\online-shop\front-end\src\app\[locale]\auth\login\page.tsx", "TypeScript JSX", 0, 0, 0, 8, 0, 0, 0, 0, 0, 3, 11
"d:\Информатика\online-shop\front-end\src\app\[locale]\auth\new-password\page.tsx", "TypeScript JSX", 0, 0, 0, 20, 0, 0, 0, 0, 0, 3, 23
"d:\Информатика\online-shop\front-end\src\app\[locale]\auth\new-verification\page.tsx", "TypeScript JSX", 0, 0, 0, 20, 0, 0, 0, 0, 0, 3, 23
"d:\Информатика\online-shop\front-end\src\app\[locale]\auth\register\page.tsx", "TypeScript JSX", 0, 0, 0, 8, 0, 0, 0, 0, 0, 3, 11
"d:\Информатика\online-shop\front-end\src\app\[locale]\auth\reset-password\page.tsx", "TypeScript JSX", 0, 0, 0, 8, 0, 0, 0, 0, 0, 3, 11
"d:\Информатика\online-shop\front-end\src\app\[locale]\coming-soon\layout.tsx", "TypeScript JSX", 0, 0, 0, 15, 0, 0, 0, 0, 0, 2, 17
"d:\Информатика\online-shop\front-end\src\app\[locale]\coming-soon\page.tsx", "TypeScript JSX", 0, 0, 0, 152, 0, 0, 0, 0, 0, 12, 164
"d:\Информатика\online-shop\front-end\src\app\[locale]\layout.tsx", "TypeScript JSX", 0, 0, 0, 100, 0, 0, 0, 0, 0, 10, 110
"d:\Информатика\online-shop\front-end\src\app\layout.tsx", "TypeScript JSX", 0, 0, 0, 23, 0, 0, 0, 0, 0, 5, 28
"d:\Информатика\online-shop\front-end\src\entities\analytics\api\analyticsApi.ts", "TypeScript", 0, 0, 0, 0, 36, 0, 0, 0, 0, 5, 41
"d:\Информатика\online-shop\front-end\src\entities\analytics\index.ts", "TypeScript", 0, 0, 0, 0, 9, 0, 0, 0, 0, 2, 11
"d:\Информатика\online-shop\front-end\src\entities\analytics\model\analytics.types.ts", "TypeScript", 0, 0, 0, 0, 41, 0, 0, 0, 0, 5, 46
"d:\Информатика\online-shop\front-end\src\entities\banner\api\bannerApi.ts", "TypeScript", 0, 0, 0, 0, 70, 0, 0, 0, 0, 19, 89
"d:\Информатика\online-shop\front-end\src\entities\banner\index.ts", "TypeScript", 0, 0, 0, 0, 9, 0, 0, 0, 0, 2, 11
"d:\Информатика\online-shop\front-end\src\entities\banner\model\banner.types.ts", "TypeScript", 0, 0, 0, 0, 21, 0, 0, 0, 0, 4, 25
"d:\Информатика\online-shop\front-end\src\entities\cart\api\cartApi.ts", "TypeScript", 0, 0, 0, 0, 62, 0, 0, 0, 0, 16, 78
"d:\Информатика\online-shop\front-end\src\entities\cart\hooks\useCart.ts", "TypeScript", 0, 0, 0, 0, 33, 0, 0, 0, 0, 5, 38
"d:\Информатика\online-shop\front-end\src\entities\cart\hooks\useServerCart.ts", "TypeScript", 0, 0, 0, 0, 60, 0, 0, 0, 0, 14, 74
"d:\Информатика\online-shop\front-end\src\entities\cart\hooks\useSyncCart.ts", "TypeScript", 0, 0, 0, 0, 38, 0, 0, 0, 0, 10, 48
"d:\Информатика\online-shop\front-end\src\entities\cart\index.ts", "TypeScript", 0, 0, 0, 0, 17, 0, 0, 0, 0, 5, 22
"d:\Информатика\online-shop\front-end\src\entities\cart\model\cart.types.ts", "TypeScript", 0, 0, 0, 0, 19, 0, 0, 0, 0, 3, 22
"d:\Информатика\online-shop\front-end\src\entities\cart\model\localCartStore.ts", "TypeScript", 0, 0, 0, 0, 45, 0, 0, 0, 0, 7, 52
"d:\Информатика\online-shop\front-end\src\entities\cart\ui\CartSyncProvider.tsx", "TypeScript JSX", 0, 0, 0, 6, 0, 0, 0, 0, 0, 3, 9
"d:\Информатика\online-shop\front-end\src\entities\category\api\categoriesApi.ts", "TypeScript", 0, 0, 0, 0, 54, 0, 0, 0, 0, 13, 67
"d:\Информатика\online-shop\front-end\src\entities\category\index.ts", "TypeScript", 0, 0, 0, 0, 7, 0, 0, 0, 0, 2, 9
"d:\Информатика\online-shop\front-end\src\entities\category\model\category.types.ts", "TypeScript", 0, 0, 0, 0, 14, 0, 0, 0, 0, 3, 17
"d:\Информатика\online-shop\front-end\src\entities\currency\hooks\useProductPrice.ts", "TypeScript", 0, 0, 0, 0, 14, 0, 0, 0, 0, 3, 17
"d:\Информатика\online-shop\front-end\src\entities\currency\index.ts", "TypeScript", 0, 0, 0, 0, 12, 0, 0, 0, 0, 1, 13
"d:\Информатика\online-shop\front-end\src\entities\currency\lib\getProductPrice.ts", "TypeScript", 0, 0, 0, 0, 33, 0, 0, 0, 0, 8, 41
"d:\Информатика\online-shop\front-end\src\entities\currency\model\currency.constants.ts", "TypeScript", 0, 0, 0, 0, 20, 0, 0, 0, 0, 5, 25
"d:\Информатика\online-shop\front-end\src\entities\currency\model\currencyStore.ts", "TypeScript", 0, 0, 0, 0, 45, 0, 0, 0, 0, 12, 57
"d:\Информатика\online-shop\front-end\src\entities\currency\types\currency.types.ts", "TypeScript", 0, 0, 0, 0, 5, 0, 0, 0, 0, 1, 6
"d:\Информатика\online-shop\front-end\src\entities\currency\ui\CurrencyProvider.tsx", "TypeScript JSX", 0, 0, 0, 26, 0, 0, 0, 0, 0, 7, 33
"d:\Информатика\online-shop\front-end\src\entities\currency\ui\PriceTag.tsx", "TypeScript JSX", 0, 0, 0, 23, 0, 0, 0, 0, 0, 6, 29
"d:\Информатика\online-shop\front-end\src\entities\order\api\orderApi.ts", "TypeScript", 0, 0, 0, 0, 102, 0, 0, 0, 0, 24, 126
"d:\Информатика\online-shop\front-end\src\entities\order\hooks\useOrderById.ts", "TypeScript", 0, 0, 0, 0, 9, 0, 0, 0, 0, 2, 11
"d:\Информатика\online-shop\front-end\src\entities\order\hooks\usePendingOrders.ts", "TypeScript", 0, 0, 0, 0, 10, 0, 0, 0, 0, 3, 13
"d:\Информатика\online-shop\front-end\src\entities\order\index.ts", "TypeScript", 0, 0, 0, 0, 13, 0, 0, 0, 0, 5, 18
"d:\Информатика\online-shop\front-end\src\entities\order\model\order.types.ts", "TypeScript", 0, 0, 0, 0, 49, 0, 0, 0, 0, 4, 53
"d:\Информатика\online-shop\front-end\src\entities\order\ui\OrderCard.tsx", "TypeScript JSX", 0, 0, 0, 132, 0, 0, 0, 0, 0, 13, 145
"d:\Информатика\online-shop\front-end\src\entities\order\ui\OrderStatus.tsx", "TypeScript JSX", 0, 0, 0, 35, 0, 0, 0, 0, 0, 6, 41
"d:\Информатика\online-shop\front-end\src\entities\product\api\productsApi.ts", "TypeScript", 0, 0, 0, 0, 139, 0, 0, 0, 0, 35, 174
"d:\Информатика\online-shop\front-end\src\entities\product\api\searchApi.ts", "TypeScript", 0, 0, 0, 0, 51, 0, 0, 0, 0, 11, 62
"d:\Информатика\online-shop\front-end\src\entities\product\hooks\useMeilisearch.ts", "TypeScript", 0, 0, 0, 0, 10, 0, 0, 0, 0, 2, 12
"d:\Информатика\online-shop\front-end\src\entities\product\hooks\useProductById.ts", "TypeScript", 0, 0, 0, 0, 10, 0, 0, 0, 0, 2, 12
"d:\Информатика\online-shop\front-end\src\entities\product\hooks\useSearchProducts.ts", "TypeScript", 0, 0, 0, 0, 11, 0, 0, 0, 0, 2, 13
"d:\Информатика\online-shop\front-end\src\entities\product\index.ts", "TypeScript", 0, 0, 0, 0, 29, 0, 0, 0, 0, 4, 33
"d:\Информатика\online-shop\front-end\src\entities\product\model\product.types.ts", "TypeScript", 0, 0, 0, 0, 116, 0, 0, 0, 0, 14, 130
"d:\Информатика\online-shop\front-end\src\entities\promo-code\api\promoCodeApi.ts", "TypeScript", 0, 0, 0, 0, 77, 0, 0, 0, 0, 16, 93
"d:\Информатика\online-shop\front-end\src\entities\promo-code\index.ts", "TypeScript", 0, 0, 0, 0, 11, 0, 0, 0, 0, 2, 13
"d:\Информатика\online-shop\front-end\src\entities\review\api\reviewApi.ts", "TypeScript", 0, 0, 0, 0, 50, 0, 0, 0, 0, 6, 56
"d:\Информатика\online-shop\front-end\src\entities\review\index.ts", "TypeScript", 0, 0, 0, 0, 3, 0, 0, 0, 0, 1, 4
"d:\Информатика\online-shop\front-end\src\entities\review\model\review.types.ts", "TypeScript", 0, 0, 0, 0, 22, 0, 0, 0, 0, 2, 24
"d:\Информатика\online-shop\front-end\src\entities\user\api\userApi.ts", "TypeScript", 0, 0, 0, 0, 11, 0, 0, 0, 0, 5, 16
"d:\Информатика\online-shop\front-end\src\entities\user\hooks\useProfile.ts", "TypeScript", 0, 0, 0, 0, 21, 0, 0, 0, 0, 3, 24
"d:\Информатика\online-shop\front-end\src\entities\user\index.ts", "TypeScript", 0, 0, 0, 0, 4, 0, 0, 0, 0, 3, 7
"d:\Информатика\online-shop\front-end\src\entities\user\model\user.types.ts", "TypeScript", 0, 0, 0, 0, 35, 0, 0, 0, 0, 5, 40
"d:\Информатика\online-shop\front-end\src\features\add-to-cart\hooks\useAddToCart.ts", "TypeScript", 0, 0, 0, 0, 60, 0, 0, 0, 0, 7, 67
"d:\Информатика\online-shop\front-end\src\features\add-to-cart\index.ts", "TypeScript", 0, 0, 0, 0, 2, 0, 0, 0, 0, 2, 4
"d:\Информатика\online-shop\front-end\src\features\add-to-cart\ui\AddToCartButton.tsx", "TypeScript JSX", 0, 0, 0, 75, 0, 0, 0, 0, 0, 7, 82
"d:\Информатика\online-shop\front-end\src\features\admin-banners\index.ts", "TypeScript", 0, 0, 0, 0, 1, 0, 0, 0, 0, 1, 2
"d:\Информатика\online-shop\front-end\src\features\admin-banners\ui\AdminBannersSection.tsx", "TypeScript JSX", 0, 0, 0, 479, 0, 0, 0, 0, 0, 57, 536
"d:\Информатика\online-shop\front-end\src\features\admin-orders\hooks\useOrders.ts", "TypeScript", 0, 0, 0, 0, 18, 0, 0, 0, 0, 5, 23
"d:\Информатика\online-shop\front-end\src\features\admin-orders\hooks\useUpdateOrderStatus.ts", "TypeScript", 0, 0, 0, 0, 18, 0, 0, 0, 0, 3, 21
"d:\Информатика\online-shop\front-end\src\features\admin-orders\index.ts", "TypeScript", 0, 0, 0, 0, 6, 0, 0, 0, 0, 1, 7
"d:\Информатика\online-shop\front-end\src\features\admin-orders\ui\AdminOrdersSection.tsx", "TypeScript JSX", 0, 0, 0, 196, 0, 0, 0, 0, 0, 22, 218
"d:\Информатика\online-shop\front-end\src\features\admin-orders\ui\ConfirmStatusChangeDialog.tsx", "TypeScript JSX", 0, 0, 0, 73, 0, 0, 0, 0, 0, 8, 81
"d:\Информатика\online-shop\front-end\src\features\admin-orders\ui\OrderDetailsDialog.tsx", "TypeScript JSX", 0, 0, 0, 297, 0, 0, 0, 0, 0, 18, 315
"d:\Информатика\online-shop\front-end\src\features\admin-orders\ui\OrdersTable.tsx", "TypeScript JSX", 0, 0, 0, 198, 0, 0, 0, 0, 0, 13, 211
"d:\Информатика\online-shop\front-end\src\features\admin-products\api\currencyApi.ts", "TypeScript", 0, 0, 0, 0, 32, 0, 0, 0, 0, 7, 39
"d:\Информатика\online-shop\front-end\src\features\admin-products\hooks\useImageUpload.ts", "TypeScript", 0, 0, 0, 0, 60, 0, 0, 0, 0, 12, 72
"d:\Информатика\online-shop\front-end\src\features\admin-products\index.ts", "TypeScript", 0, 0, 0, 0, 16, 0, 0, 0, 0, 7, 23
"d:\Информатика\online-shop\front-end\src\features\admin-products\services\cloudinary\cloudinary.service.ts", "TypeScript", 0, 0, 0, 0, 39, 0, 0, 0, 0, 12, 51
"d:\Информатика\online-shop\front-end\src\features\admin-products\services\cloudinary\cloudinary.types.ts", "TypeScript", 0, 0, 0, 0, 9, 0, 0, 0, 0, 2, 11
"d:\Информатика\online-shop\front-end\src\features\admin-products\ui\AdminCategoriesSection.tsx", "TypeScript JSX", 0, 0, 0, 126, 0, 0, 0, 0, 0, 19, 145
"d:\Информатика\online-shop\front-end\src\features\admin-products\ui\AdminProductSection.tsx", "TypeScript JSX", 0, 0, 0, 87, 0, 0, 0, 0, 0, 13, 100
"d:\Информатика\online-shop\front-end\src\features\admin-products\ui\CategoryFormDialog.tsx", "TypeScript JSX", 0, 0, 0, 238, 0, 0, 0, 0, 0, 15, 253
"d:\Информатика\online-shop\front-end\src\features\admin-products\ui\CategoryTable.tsx", "TypeScript JSX", 0, 0, 0, 106, 0, 0, 0, 0, 0, 7, 113
"d:\Информатика\online-shop\front-end\src\features\admin-products\ui\ImageUploader.tsx", "TypeScript JSX", 0, 0, 0, 189, 0, 0, 0, 0, 0, 23, 212
"d:\Информатика\online-shop\front-end\src\features\admin-products\ui\ProductDescriptionFields.tsx", "TypeScript JSX", 0, 0, 0, 176, 0, 0, 0, 0, 0, 11, 187
"d:\Информатика\online-shop\front-end\src\features\admin-products\ui\ProductForm.tsx", "TypeScript JSX", 0, 0, 0, 630, 0, 0, 0, 0, 0, 29, 659
"d:\Информатика\online-shop\front-end\src\features\admin-products\ui\ProductPriceFields.tsx", "TypeScript JSX", 0, 0, 0, 259, 0, 0, 0, 0, 7, 31, 297
"d:\Информатика\online-shop\front-end\src\features\admin-products\ui\ProductTable.tsx", "TypeScript JSX", 0, 0, 0, 168, 0, 0, 0, 0, 0, 9, 177
"d:\Информатика\online-shop\front-end\src\features\admin-products\ui\VariantAttributesEditor.tsx", "TypeScript JSX", 0, 0, 0, 156, 0, 0, 0, 0, 0, 16, 172
"d:\Информатика\online-shop\front-end\src\features\admin-promo-codes\index.ts", "TypeScript", 0, 0, 0, 0, 1, 0, 0, 0, 0, 1, 2
"d:\Информатика\online-shop\front-end\src\features\admin-promo-codes\ui\AdminPromoCodesSection.tsx", "TypeScript JSX", 0, 0, 0, 206, 0, 0, 0, 0, 0, 22, 228
"d:\Информатика\online-shop\front-end\src\features\auth\api\auth.service.ts", "TypeScript", 0, 0, 0, 0, 30, 0, 0, 0, 0, 12, 42
"d:\Информатика\online-shop\front-end\src\features\auth\api\password-recovery.service.ts", "TypeScript", 0, 0, 0, 0, 32, 0, 0, 0, 0, 8, 40
"d:\Информатика\online-shop\front-end\src\features\auth\api\verification.service.ts", "TypeScript", 0, 0, 0, 0, 8, 0, 0, 0, 0, 4, 12
"d:\Информатика\online-shop\front-end\src\features\auth\components\AuthSocial.tsx", "TypeScript JSX", 0, 0, 0, 40, 0, 0, 0, 0, 0, 7, 47
"d:\Информатика\online-shop\front-end\src\features\auth\components\AuthWrapper.tsx", "TypeScript JSX", 0, 0, 0, 49, 0, 0, 0, 0, 0, 3, 52
"d:\Информатика\online-shop\front-end\src\features\auth\components\LoginForm.tsx", "TypeScript JSX", 0, 0, 0, 135, 0, 0, 0, 0, 0, 7, 142
"d:\Информатика\online-shop\front-end\src\features\auth\components\NewPasswordForm.tsx", "TypeScript JSX", 0, 0, 0, 92, 0, 0, 0, 0, 0, 7, 99
"d:\Информатика\online-shop\front-end\src\features\auth\components\NewVerificationForm.tsx", "TypeScript JSX", 0, 0, 0, 21, 0, 0, 0, 0, 0, 6, 27
"d:\Информатика\online-shop\front-end\src\features\auth\components\RegisterForm.tsx", "TypeScript JSX", 0, 0, 0, 159, 0, 0, 0, 0, 0, 8, 167
"d:\Информатика\online-shop\front-end\src\features\auth\components\ResetPasswordForm.tsx", "TypeScript JSX", 0, 0, 0, 81, 0, 0, 0, 0, 0, 7, 88
"d:\Информатика\online-shop\front-end\src\features\auth\hooks\useLoginMutation.ts", "TypeScript", 0, 0, 0, 0, 38, 0, 0, 0, 0, 5, 43
"d:\Информатика\online-shop\front-end\src\features\auth\hooks\useNewPasswordMutation.ts", "TypeScript", 0, 0, 0, 0, 34, 0, 0, 0, 0, 6, 40
"d:\Информатика\online-shop\front-end\src\features\auth\hooks\useRegisterMutation.ts", "TypeScript", 0, 0, 0, 0, 31, 0, 0, 0, 0, 5, 36
"d:\Информатика\online-shop\front-end\src\features\auth\hooks\useResetPasswordMutation.ts", "TypeScript", 0, 0, 0, 0, 29, 0, 0, 0, 0, 4, 33
"d:\Информатика\online-shop\front-end\src\features\auth\hooks\useVerificationMutation.ts", "TypeScript", 0, 0, 0, 0, 23, 0, 0, 0, 0, 5, 28
"d:\Информатика\online-shop\front-end\src\features\auth\index.ts", "TypeScript", 0, 0, 0, 0, 24, 0, 0, 0, 0, 5, 29
"d:\Информатика\online-shop\front-end\src\features\auth\schemes\login.schema.ts", "TypeScript", 0, 0, 0, 0, 11, 0, 0, 0, 0, 3, 14
"d:\Информатика\online-shop\front-end\src\features\auth\schemes\new-password.schema.ts", "TypeScript", 0, 0, 0, 0, 7, 0, 0, 0, 0, 3, 10
"d:\Информатика\online-shop\front-end\src\features\auth\schemes\register.schema.ts", "TypeScript", 0, 0, 0, 0, 21, 0, 0, 0, 0, 2, 23
"d:\Информатика\online-shop\front-end\src\features\auth\schemes\reset-password.schema.ts", "TypeScript", 0, 0, 0, 0, 7, 0, 0, 0, 0, 3, 10
"d:\Информатика\online-shop\front-end\src\features\cart-checkout\index.ts", "TypeScript", 0, 0, 0, 0, 1, 0, 0, 0, 0, 1, 2
"d:\Информатика\online-shop\front-end\src\features\cart-checkout\ui\CartCheckoutContent.tsx", "TypeScript JSX", 0, 0, 0, 289, 0, 0, 0, 0, 0, 34, 323
"d:\Информатика\online-shop\front-end\src\features\checkout\index.ts", "TypeScript", 0, 0, 0, 0, 4, 0, 0, 0, 0, 2, 6
"d:\Информатика\online-shop\front-end\src\features\checkout\shipping-form\schema\shipping.schema.ts", "TypeScript", 0, 0, 0, 0, 19, 0, 0, 0, 0, 3, 22
"d:\Информатика\online-shop\front-end\src\features\checkout\shipping-form\ui\ShippingForm.tsx", "TypeScript JSX", 0, 0, 0, 171, 0, 0, 0, 0, 0, 15, 186
"d:\Информатика\online-shop\front-end\src\features\checkout\submit-order\hooks\useSubmitOrder.ts", "TypeScript", 0, 0, 0, 0, 46, 0, 0, 0, 0, 9, 55
"d:\Информатика\online-shop\front-end\src\features\favorites\index.ts", "TypeScript", 0, 0, 0, 0, 1, 0, 0, 0, 0, 1, 2
"d:\Информатика\online-shop\front-end\src\features\favorites\model\favoritesStore.ts", "TypeScript", 0, 0, 0, 0, 48, 0, 0, 0, 0, 9, 57
"d:\Информатика\online-shop\front-end\src\features\favorites\ui\FavoriteButton.tsx", "TypeScript JSX", 0, 0, 0, 38, 0, 0, 0, 0, 0, 8, 46
"d:\Информатика\online-shop\front-end\src\features\handle-order-payment\index.ts", "TypeScript", 0, 0, 0, 0, 1, 0, 0, 0, 0, 1, 2
"d:\Информатика\online-shop\front-end\src\features\handle-order-payment\ui\OrderDetailsToast.tsx", "TypeScript JSX", 0, 0, 0, 29, 0, 0, 0, 0, 0, 8, 37
"d:\Информатика\online-shop\front-end\src\features\language-switcher\index.ts", "TypeScript", 0, 0, 0, 0, 1, 0, 0, 0, 0, 1, 2
"d:\Информатика\online-shop\front-end\src\features\language-switcher\ui\LanguageSwitcher.tsx", "TypeScript JSX", 0, 0, 0, 53, 0, 0, 0, 0, 0, 5, 58
"d:\Информатика\online-shop\front-end\src\features\manage-analytics\index.ts", "TypeScript", 0, 0, 0, 0, 0, 0, 0, 0, 0, 1, 1
"d:\Информатика\online-shop\front-end\src\features\manage-analytics\ui\AnalyticsControls.tsx", "TypeScript JSX", 0, 0, 0, 67, 0, 0, 0, 0, 0, 9, 76
"d:\Информатика\online-shop\front-end\src\features\order-details\index.ts", "TypeScript", 0, 0, 0, 0, 2, 0, 0, 0, 0, 1, 3
"d:\Информатика\online-shop\front-end\src\features\order-details\ui\OrderDetailsContent.tsx", "TypeScript JSX", 0, 0, 0, 448, 0, 0, 0, 0, 0, 26, 474
"d:\Информатика\online-shop\front-end\src\features\order-details\ui\OrderDetailsSkeleton.tsx", "TypeScript JSX", 0, 0, 0, 123, 0, 0, 0, 0, 0, 8, 131
"d:\Информатика\online-shop\front-end\src\features\product-details\index.ts", "TypeScript", 0, 0, 0, 0, 5, 0, 0, 0, 0, 1, 6
"d:\Информатика\online-shop\front-end\src\features\product-details\ui\AddReviewForm.tsx", "TypeScript JSX", 0, 0, 0, 121, 0, 0, 0, 0, 0, 16, 137
"d:\Информатика\online-shop\front-end\src\features\product-details\ui\ProductInfo.tsx", "TypeScript JSX", 0, 0, 0, 235, 0, 0, 0, 0, 0, 20, 255
"d:\Информатика\online-shop\front-end\src\features\product-details\ui\ProductTabs.tsx", "TypeScript JSX", 0, 0, 0, 189, 0, 0, 0, 0, 0, 11, 200
"d:\Информатика\online-shop\front-end\src\features\product-details\ui\ProductVariantPicker.tsx", "TypeScript JSX", 0, 0, 0, 193, 0, 0, 0, 0, 0, 28, 221
"d:\Информатика\online-shop\front-end\src\features\product-details\ui\ReviewsList.tsx", "TypeScript JSX", 0, 0, 0, 181, 0, 0, 0, 0, 0, 13, 194
"d:\Информатика\online-shop\front-end\src\features\product-sort\index.ts", "TypeScript", 0, 0, 0, 0, 2, 0, 0, 0, 0, 1, 3
"d:\Информатика\online-shop\front-end\src\features\product-sort\ui\ProductSort.tsx", "TypeScript JSX", 0, 0, 0, 70, 0, 0, 0, 0, 0, 10, 80
"d:\Информатика\online-shop\front-end\src\features\product-sort\ui\QueryProductSort.tsx", "TypeScript JSX", 0, 0, 0, 44, 0, 0, 0, 0, 0, 12, 56
"d:\Информатика\online-shop\front-end\src\features\recently-viewed\hooks\useTrackProductView.ts", "TypeScript", 0, 0, 0, 0, 39, 0, 0, 0, 0, 9, 48
"d:\Информатика\online-shop\front-end\src\features\recently-viewed\index.ts", "TypeScript", 0, 0, 0, 0, 2, 0, 0, 0, 0, 1, 3
"d:\Информатика\online-shop\front-end\src\features\recently-viewed\model\recentlyViewedStore.ts", "TypeScript", 0, 0, 0, 0, 97, 0, 0, 0, 0, 14, 111
"d:\Информатика\online-shop\front-end\src\features\user\components\ProfileSettings.tsx", "TypeScript JSX", 0, 0, 0, 386, 0, 0, 0, 0, 0, 28, 414
"d:\Информатика\online-shop\front-end\src\features\user\components\SettingsForm.tsx", "TypeScript JSX", 0, 0, 0, 122, 0, 0, 0, 0, 0, 8, 130
"d:\Информатика\online-shop\front-end\src\features\user\components\UserButton.tsx", "TypeScript JSX", 0, 0, 0, 41, 0, 0, 0, 0, 0, 7, 48
"d:\Информатика\online-shop\front-end\src\features\user\hooks\useLogoutMutation.ts", "TypeScript", 0, 0, 0, 0, 24, 0, 0, 0, 0, 5, 29
"d:\Информатика\online-shop\front-end\src\features\user\hooks\useUpdateProfileMutation.ts", "TypeScript", 0, 0, 0, 0, 21, 0, 0, 0, 0, 4, 25
"d:\Информатика\online-shop\front-end\src\features\user\index.ts", "TypeScript", 0, 0, 0, 0, 8, 0, 0, 0, 0, 4, 12
"d:\Информатика\online-shop\front-end\src\features\user\schemes\settings.schema.ts", "TypeScript", 0, 0, 0, 0, 11, 0, 0, 0, 0, 3, 14
"d:\Информатика\online-shop\front-end\src\features\user\services\user.service.ts", "TypeScript", 0, 0, 0, 0, 14, 0, 0, 0, 0, 6, 20
"d:\Информатика\online-shop\front-end\src\middleware.ts", "TypeScript", 0, 0, 0, 0, 45, 0, 0, 0, 0, 12, 57
"d:\Информатика\online-shop\front-end\src\processes\checkout\index.ts", "TypeScript", 0, 0, 0, 0, 8, 0, 0, 0, 0, 2, 10
"d:\Информатика\online-shop\front-end\src\processes\checkout\model\checkout.types.ts", "TypeScript", 0, 0, 0, 0, 36, 0, 0, 0, 0, 5, 41
"d:\Информатика\online-shop\front-end\src\processes\checkout\model\checkoutStore.ts", "TypeScript", 0, 0, 0, 0, 43, 0, 0, 0, 0, 3, 46
"d:\Информатика\online-shop\front-end\src\processes\checkout\ui\CartStep.tsx", "TypeScript JSX", 0, 0, 0, 12, 0, 0, 0, 0, 0, 4, 16
"d:\Информатика\online-shop\front-end\src\processes\checkout\ui\CheckoutNavigation.tsx", "TypeScript JSX", 0, 0, 0, 57, 0, 0, 0, 0, 0, 9, 66
"d:\Информатика\online-shop\front-end\src\processes\checkout\ui\CheckoutStepper.tsx", "TypeScript JSX", 0, 0, 0, 71, 0, 0, 0, 0, 0, 7, 78
"d:\Информатика\online-shop\front-end\src\processes\checkout\ui\ConfirmationStep.tsx", "TypeScript JSX", 0, 0, 0, 131, 0, 0, 0, 0, 0, 12, 143
"d:\Информатика\online-shop\front-end\src\processes\checkout\ui\ShippingStep.tsx", "TypeScript JSX", 0, 0, 0, 26, 0, 0, 0, 0, 0, 8, 34
"d:\Информатика\online-shop\front-end\src\shared\api\index.ts", "TypeScript", 0, 0, 0, 0, 2, 0, 0, 0, 0, 1, 3
"d:\Информатика\online-shop\front-end\src\shared\api\instance.api.ts", "TypeScript", 0, 0, 0, 0, 7, 0, 0, 0, 0, 2, 9
"d:\Информатика\online-shop\front-end\src\shared\api\translationApi.ts", "TypeScript", 0, 0, 0, 0, 18, 0, 0, 0, 0, 4, 22
"d:\Информатика\online-shop\front-end\src\shared\components\GradientText.tsx", "TypeScript JSX", 0, 0, 0, 58, 0, 0, 0, 0, 0, 5, 63
"d:\Информатика\online-shop\front-end\src\shared\components\LightRays.tsx", "TypeScript JSX", 0, 0, 0, 416, 0, 0, 0, 0, 0, 56, 472
"d:\Информатика\online-shop\front-end\src\shared\components\index.ts", "TypeScript", 0, 0, 0, 0, 2, 0, 0, 0, 0, 2, 4
"d:\Информатика\online-shop\front-end\src\shared\hooks\index.ts", "TypeScript", 0, 0, 0, 0, 5, 0, 0, 0, 0, 0, 5
"d:\Информатика\online-shop\front-end\src\shared\hooks\useDebounce.ts", "TypeScript", 0, 0, 0, 0, 13, 0, 0, 0, 0, 5, 18
"d:\Информатика\online-shop\front-end\src\shared\hooks\useScrollHeader.ts", "TypeScript", 0, 0, 0, 0, 64, 0, 0, 0, 0, 19, 83
"d:\Информатика\online-shop\front-end\src\shared\hooks\useScrollRevealHeader.ts", "TypeScript", 0, 0, 0, 0, 76, 0, 0, 0, 0, 19, 95
"d:\Информатика\online-shop\front-end\src\shared\hooks\useSortable.ts", "TypeScript", 0, 0, 0, 0, 37, 0, 0, 0, 0, 6, 43
"d:\Информатика\online-shop\front-end\src\shared\i18n\index.ts", "TypeScript", 0, 0, 0, 0, 1, 0, 0, 0, 0, 1, 2
"d:\Информатика\online-shop\front-end\src\shared\i18n\request.ts", "TypeScript", 0, 0, 0, 0, 12, 0, 0, 0, 0, 5, 17
"d:\Информатика\online-shop\front-end\src\shared\i18n\routing.ts", "TypeScript", 0, 0, 0, 0, 5, 0, 0, 0, 0, 2, 7
"d:\Информатика\online-shop\front-end\src\shared\lib\getProductImages.ts", "TypeScript", 0, 0, 0, 0, 17, 0, 0, 0, 0, 6, 23
"d:\Информатика\online-shop\front-end\src\shared\lib\getServerCookieHeader.ts", "TypeScript", 0, 0, 0, 0, 7, 0, 0, 0, 0, 3, 10
"d:\Информатика\online-shop\front-end\src\shared\lib\index.ts", "TypeScript", 0, 0, 0, 0, 2, 0, 0, 0, 0, 0, 2
"d:\Информатика\online-shop\front-end\src\shared\providers\MainProvider.tsx", "TypeScript JSX", 0, 0, 0, 12, 0, 0, 0, 0, 0, 3, 15
"d:\Информатика\online-shop\front-end\src\shared\providers\TanstackQueryProvider.tsx", "TypeScript JSX", 0, 0, 0, 17, 0, 0, 0, 0, 0, 4, 21
"d:\Информатика\online-shop\front-end\src\shared\providers\ToastProvider.tsx", "TypeScript JSX", 0, 0, 0, 5, 0, 0, 0, 0, 0, 3, 8
"d:\Информатика\online-shop\front-end\src\shared\providers\index.tsx", "TypeScript JSX", 0, 0, 0, 3, 0, 0, 0, 0, 0, 1, 4
"d:\Информатика\online-shop\front-end\src\shared\styles\globals.css", "PostCSS", 0, 0, 0, 0, 0, 0, 0, 96, 0, 9, 105
"d:\Информатика\online-shop\front-end\src\shared\ui\Avatar.tsx", "TypeScript JSX", 0, 0, 0, 44, 0, 0, 0, 0, 0, 7, 51
"d:\Информатика\online-shop\front-end\src\shared\ui\Button.tsx", "TypeScript JSX", 0, 0, 0, 51, 0, 0, 0, 0, 0, 6, 57
"d:\Информатика\online-shop\front-end\src\shared\ui\Card.tsx", "TypeScript JSX", 0, 0, 0, 68, 0, 0, 0, 0, 0, 8, 76
"d:\Информатика\online-shop\front-end\src\shared\ui\ConfirmDialog.tsx", "TypeScript JSX", 0, 0, 0, 86, 0, 0, 0, 0, 0, 9, 95
"d:\Информатика\online-shop\front-end\src\shared\ui\DropdownMenu.tsx", "TypeScript JSX", 0, 0, 0, 183, 0, 0, 0, 0, 0, 18, 201
"d:\Информатика\online-shop\front-end\src\shared\ui\Form.tsx", "TypeScript JSX", 0, 0, 0, 153, 0, 0, 0, 0, 0, 26, 179
"d:\Информатика\online-shop\front-end\src\shared\ui\Input.tsx", "TypeScript JSX", 0, 0, 0, 19, 0, 0, 0, 0, 0, 4, 23
"d:\Информатика\online-shop\front-end\src\shared\ui\Label.tsx", "TypeScript JSX", 0, 0, 0, 21, 0, 0, 0, 0, 0, 6, 27
"d:\Информатика\online-shop\front-end\src\shared\ui\Loading.tsx", "TypeScript JSX", 0, 0, 0, 9, 0, 0, 0, 0, 0, 2, 11
"d:\Информатика\online-shop\front-end\src\shared\ui\Skeleton.tsx", "TypeScript JSX", 0, 0, 0, 20, 0, 0, 0, 0, 0, 4, 24
"d:\Информатика\online-shop\front-end\src\shared\ui\Sonner.tsx", "TypeScript JSX", 0, 0, 0, 26, 0, 0, 0, 0, 0, 6, 32
"d:\Информатика\online-shop\front-end\src\shared\ui\Switch.tsx", "TypeScript JSX", 0, 0, 0, 25, 0, 0, 0, 0, 0, 5, 30
"d:\Информатика\online-shop\front-end\src\shared\ui\index.ts", "TypeScript", 0, 0, 0, 0, 48, 0, 0, 0, 0, 2, 50
"d:\Информатика\online-shop\front-end\src\shared\ui\primitives\badge.tsx", "TypeScript JSX", 0, 0, 0, 31, 0, 0, 0, 0, 0, 6, 37
"d:\Информатика\online-shop\front-end\src\shared\ui\primitives\button.tsx", "TypeScript JSX", 0, 0, 0, 52, 0, 0, 0, 0, 0, 6, 58
"d:\Информатика\online-shop\front-end\src\shared\ui\primitives\card.tsx", "TypeScript JSX", 0, 0, 0, 68, 0, 0, 0, 0, 0, 9, 77
"d:\Информатика\online-shop\front-end\src\shared\ui\primitives\dialog.tsx", "TypeScript JSX", 0, 0, 0, 109, 0, 0, 0, 0, 0, 14, 123
"d:\Информатика\online-shop\front-end\src\shared\ui\primitives\popover.tsx", "TypeScript JSX", 0, 0, 0, 26, 0, 0, 0, 0, 0, 8, 34
"d:\Информатика\online-shop\front-end\src\shared\ui\primitives\tabs.tsx", "TypeScript JSX", 0, 0, 0, 48, 0, 0, 0, 0, 0, 8, 56
"d:\Информатика\online-shop\front-end\src\shared\ui\primitives\textarea.tsx", "TypeScript JSX", 0, 0, 0, 19, 0, 0, 0, 0, 0, 4, 23
"d:\Информатика\online-shop\front-end\src\shared\utils\clsx.ts", "TypeScript", 0, 0, 0, 0, 5, 0, 0, 0, 0, 2, 7
"d:\Информатика\online-shop\front-end\src\shared\utils\fetch\fetch-client.ts", "TypeScript", 0, 0, 0, 0, 120, 0, 0, 0, 0, 18, 138
"d:\Информатика\online-shop\front-end\src\shared\utils\fetch\fetch-error.ts", "TypeScript", 0, 0, 0, 0, 9, 0, 0, 0, 0, 2, 11
"d:\Информатика\online-shop\front-end\src\shared\utils\fetch\fetch-types.ts", "TypeScript", 0, 0, 0, 0, 16, 0, 0, 0, 0, 3, 19
"d:\Информатика\online-shop\front-end\src\shared\utils\index.ts", "TypeScript", 0, 0, 0, 0, 9, 0, 0, 0, 0, 1, 10
"d:\Информатика\online-shop\front-end\src\shared\utils\toast-message-handler.ts", "TypeScript", 0, 0, 0, 0, 44, 0, 0, 0, 0, 9, 53
"d:\Информатика\online-shop\front-end\src\widgets\admin-sidebar\AdminSidebar.tsx", "TypeScript JSX", 0, 0, 0, 131, 0, 0, 0, 0, 0, 12, 143
"d:\Информатика\online-shop\front-end\src\widgets\admin-sidebar\index.ts", "TypeScript", 0, 0, 0, 0, 1, 0, 0, 0, 0, 6, 7
"d:\Информатика\online-shop\front-end\src\widgets\analytics\MetricCard.tsx", "TypeScript JSX", 0, 0, 0, 55, 0, 0, 0, 0, 0, 5, 60
"d:\Информатика\online-shop\front-end\src\widgets\analytics\StatsChart.tsx", "TypeScript JSX", 0, 0, 0, 95, 0, 0, 0, 0, 0, 4, 99
"d:\Информатика\online-shop\front-end\src\widgets\analytics\TopProductsTable.tsx", "TypeScript JSX", 0, 0, 0, 169, 0, 0, 0, 0, 0, 10, 179
"d:\Информатика\online-shop\front-end\src\widgets\analytics\index.ts", "TypeScript", 0, 0, 0, 0, 3, 0, 0, 0, 0, 1, 4
"d:\Информатика\online-shop\front-end\src\widgets\brand\BrandCollage.tsx", "TypeScript JSX", 0, 0, 0, 65, 0, 0, 0, 0, 0, 5, 70
"d:\Информатика\online-shop\front-end\src\widgets\brand\BrandTicker.tsx", "TypeScript JSX", 0, 0, 0, 33, 0, 0, 0, 0, 0, 5, 38
"d:\Информатика\online-shop\front-end\src\widgets\brand\index.ts", "TypeScript", 0, 0, 0, 0, 2, 0, 0, 0, 0, 1, 3
"d:\Информатика\online-shop\front-end\src\widgets\cart-dropdown\CartDropdown.tsx", "TypeScript JSX", 0, 0, 0, 110, 0, 0, 0, 0, 0, 13, 123
"d:\Информатика\online-shop\front-end\src\widgets\cart-dropdown\index.ts", "TypeScript", 0, 0, 0, 0, 1, 0, 0, 0, 0, 1, 2
"d:\Информатика\online-shop\front-end\src\widgets\catalog-pagination\CatalogPagination.tsx", "TypeScript JSX", 0, 0, 0, 138, 0, 0, 0, 0, 0, 14, 152
"d:\Информатика\online-shop\front-end\src\widgets\catalog-pagination\index.ts", "TypeScript", 0, 0, 0, 0, 1, 0, 0, 0, 0, 1, 2
"d:\Информатика\online-shop\front-end\src\widgets\favorites-dropdown\FavoritesDropDown.tsx", "TypeScript JSX", 0, 0, 0, 126, 0, 0, 0, 0, 0, 11, 137
"d:\Информатика\online-shop\front-end\src\widgets\favorites-dropdown\index.ts", "TypeScript", 0, 0, 0, 0, 1, 0, 0, 0, 0, 1, 2
"d:\Информатика\online-shop\front-end\src\widgets\features-section\FeaturesSection.tsx", "TypeScript JSX", 0, 0, 0, 50, 0, 0, 0, 0, 0, 4, 54
"d:\Информатика\online-shop\front-end\src\widgets\features-section\index.ts", "TypeScript", 0, 0, 0, 0, 1, 0, 0, 0, 0, 1, 2
"d:\Информатика\online-shop\front-end\src\widgets\footer\Footer.tsx", "TypeScript JSX", 0, 0, 0, 319, 0, 0, 0, 0, 0, 14, 333
"d:\Информатика\online-shop\front-end\src\widgets\footer\index.ts", "TypeScript", 0, 0, 0, 0, 1, 0, 0, 0, 0, 0, 1
"d:\Информатика\online-shop\front-end\src\widgets\header\Header.tsx", "TypeScript JSX", 0, 0, 0, 136, 0, 0, 0, 0, 0, 14, 150
"d:\Информатика\online-shop\front-end\src\widgets\header\index.ts", "TypeScript", 0, 0, 0, 0, 6, 0, 0, 0, 0, 1, 7
"d:\Информатика\online-shop\front-end\src\widgets\header\model\useBodyScrollLock.ts", "TypeScript", 0, 0, 0, 0, 34, 0, 0, 0, 0, 8, 42
"d:\Информатика\online-shop\front-end\src\widgets\header\model\useMobileSheetDrag.ts", "TypeScript", 0, 0, 0, 0, 96, 0, 0, 0, 0, 19, 115
"d:\Информатика\online-shop\front-end\src\widgets\header\ui\DesktopNav.tsx", "TypeScript JSX", 0, 0, 0, 147, 0, 0, 0, 0, 0, 4, 151
"d:\Информатика\online-shop\front-end\src\widgets\header\ui\MobileMenuSheet.tsx", "TypeScript JSX", 0, 0, 0, 259, 0, 0, 0, 0, 0, 14, 273
"d:\Информатика\online-shop\front-end\src\widgets\header\ui\MobileSearchSheet.tsx", "TypeScript JSX", 0, 0, 0, 188, 0, 0, 0, 0, 0, 25, 213
"d:\Информатика\online-shop\front-end\src\widgets\hero-section\HeroSection.tsx", "TypeScript JSX", 0, 0, 0, 14, 0, 0, 0, 0, 0, 1, 15
"d:\Информатика\online-shop\front-end\src\widgets\hero-section\index.ts", "TypeScript", 0, 0, 0, 0, 1, 0, 0, 0, 0, 0, 1
"d:\Информатика\online-shop\front-end\src\widgets\home-intro\HomeIntro.tsx", "TypeScript JSX", 0, 0, 0, 31, 0, 0, 0, 0, 0, 8, 39
"d:\Информатика\online-shop\front-end\src\widgets\home-intro\index.ts", "TypeScript", 0, 0, 0, 0, 1, 0, 0, 0, 0, 1, 2
"d:\Информатика\online-shop\front-end\src\widgets\orders-page\OrdersPageClient.tsx", "TypeScript JSX", 0, 0, 0, 47, 0, 0, 0, 0, 0, 6, 53
"d:\Информатика\online-shop\front-end\src\widgets\orders-page\index.ts", "TypeScript", 0, 0, 0, 0, 1, 0, 0, 0, 0, 1, 2
"d:\Информатика\online-shop\front-end\src\widgets\product-card\ProductCard.tsx", "TypeScript JSX", 0, 0, 0, 120, 0, 0, 0, 0, 0, 10, 130
"d:\Информатика\online-shop\front-end\src\widgets\product-card\index.ts", "TypeScript", 0, 0, 0, 0, 1, 0, 0, 0, 0, 1, 2
"d:\Информатика\online-shop\front-end\src\widgets\product-gallery\ProductGallery.tsx", "TypeScript JSX", 0, 0, 0, 50, 0, 0, 0, 0, 0, 7, 57
"d:\Информатика\online-shop\front-end\src\widgets\product-gallery\index.ts", "TypeScript", 0, 0, 0, 0, 1, 0, 0, 0, 0, 0, 1
"d:\Информатика\online-shop\front-end\src\widgets\product-page-client-bits\ProductPageClientBits.tsx", "TypeScript JSX", 0, 0, 0, 49, 0, 0, 0, 0, 0, 9, 58
"d:\Информатика\online-shop\front-end\src\widgets\product-page-client-bits\index.ts", "TypeScript", 0, 0, 0, 0, 1, 0, 0, 0, 0, 1, 2
"d:\Информатика\online-shop\front-end\src\widgets\products-catalog\ProductsCatalog.tsx", "TypeScript JSX", 0, 0, 0, 56, 0, 0, 0, 0, 0, 5, 61
"d:\Информатика\online-shop\front-end\src\widgets\products-catalog\index.ts", "TypeScript", 0, 0, 0, 0, 1, 0, 0, 0, 0, 0, 1
"d:\Информатика\online-shop\front-end\src\widgets\promo-mosaic\PromoMosaic.tsx", "TypeScript JSX", 0, 0, 0, 52, 0, 0, 0, 0, 0, 7, 59
"d:\Информатика\online-shop\front-end\src\widgets\promo-mosaic\index.ts", "TypeScript", 0, 0, 0, 0, 1, 0, 0, 0, 0, 1, 2
"d:\Информатика\online-shop\front-end\src\widgets\recently-viewed-products\RecentlyViewedProducts.tsx", "TypeScript JSX", 0, 0, 0, 105, 0, 0, 0, 0, 0, 10, 115
"d:\Информатика\online-shop\front-end\src\widgets\recently-viewed-products\index.ts", "TypeScript", 0, 0, 0, 0, 1, 0, 0, 0, 0, 1, 2
"d:\Информатика\online-shop\front-end\src\widgets\search\SearchBar.tsx", "TypeScript JSX", 0, 0, 0, 327, 0, 0, 0, 0, 0, 28, 355
"d:\Информатика\online-shop\front-end\src\widgets\search\index.ts", "TypeScript", 0, 0, 0, 0, 1, 0, 0, 0, 0, 1, 2
"d:\Информатика\online-shop\front-end\src\widgets\similar-products\SimilarProducts.tsx", "TypeScript JSX", 0, 0, 0, 84, 0, 0, 0, 0, 0, 12, 96
"d:\Информатика\online-shop\front-end\src\widgets\similar-products\index.ts", "TypeScript", 0, 0, 0, 0, 1, 0, 0, 0, 0, 1, 2
"d:\Информатика\online-shop\front-end\tsconfig.tsbuildinfo", "JSON", 0, 1, 0, 0, 0, 0, 0, 0, 0, 0, 1
"d:\Информатика\online-shop\package.json", "JSON", 0, 5, 0, 0, 0, 0, 0, 0, 0, 1, 6
"d:\Информатика\online-shop\pnpm-lock.yaml", "YAML", 15, 0, 0, 0, 0, 0, 0, 0, 0, 8, 23
"Total", "-", 10495, 2115, 884, 13506, 8518, 15, 239, 96, 21, 6387, 42276